-- the following was exported from the live turso db we use in prod
-- this is useful both as a backup and for live test data purposes

PRAGMA foreign_keys=OFF;
BEGIN TRANSACTION;
CREATE TABLE IF NOT EXISTS players (
  id INTEGER PRIMARY KEY,
  firstName TEXT NOT NULL,
  surname TEXT NOT NULL,
  gradYear INTEGER NOT NULL,
  visible BOOLEAN NOT NULL DEFAULT 1
);
INSERT INTO players VALUES(440805299,'Neel','Sharma',2024,1);
INSERT INTO players VALUES(441773838,'Branson','Chan',2024,1);
INSERT INTO players VALUES(441837615,'Nelson','Lee',2024,1);
INSERT INTO players VALUES(441947381,'Karan','Dahiya',2024,1);
INSERT INTO players VALUES(442031151,'Nathanael','Thie',2024,1);
INSERT INTO players VALUES(442097500,'Andrew','Wang',2024,1);
INSERT INTO players VALUES(442103038,'Dev','Punjabi',2024,1);
INSERT INTO players VALUES(442227730,'Xile','Xie',2024,1);
INSERT INTO players VALUES(442253439,'Roy','Chae',2024,1);
INSERT INTO players VALUES(443175652,'Leo','Zhuang',2024,1);
INSERT INTO players VALUES(443183795,'Haoran','Zhang',2024,1);
INSERT INTO players VALUES(443325972,'Joseph','Lee',2024,1);
INSERT INTO players VALUES(443372440,'Andy','Zhang',2024,1);
INSERT INTO players VALUES(443395920,'Owen','Li',2024,1);
INSERT INTO players VALUES(443439382,'Jonathan','Zhang',2024,1);
INSERT INTO players VALUES(443440119,'Frederick','Lam',2024,1);
INSERT INTO players VALUES(443496751,'Jerald','Yu',2024,1);
INSERT INTO players VALUES(443767711,'Colin','Chen',2024,1);
INSERT INTO players VALUES(443775391,'Steven','Yin',2024,1);
INSERT INTO players VALUES(444448008,'Athithan','Mayuran',2024,1);
INSERT INTO players VALUES(444519088,'David','Yoo',2024,1);
INSERT INTO players VALUES(444892285,'Dash','Lam',2024,1);
INSERT INTO players VALUES(445050610,'Ariz','Mahmud',2024,1);
INSERT INTO players VALUES(445663085,'Roger','He',2024,1);
INSERT INTO players VALUES(445928607,'Aaron','Jin',2024,1);
INSERT INTO players VALUES(447379511,'Jay','Ta',2024,1);
INSERT INTO players VALUES(447507684,'Arnav','Gupta',2024,1);
INSERT INTO players VALUES(449197194,'Axel','Lam',2024,1);
CREATE TABLE IF NOT EXISTS teams (
  id INTEGER PRIMARY KEY AUTOINCREMENT,
  name TEXT NOT NULL,
  year INTEGER NOT NULL,
  visible BOOLEAN NOT NULL DEFAULT 1
);
INSERT INTO teams VALUES(1,'SBHS 1sts',2024,1);
INSERT INTO teams VALUES(2,'SBHS 2nds',2024,1);
INSERT INTO teams VALUES(4,'NNAA',2024,0);
INSERT INTO teams VALUES(5,'SBHS 2nds',2024,1);
CREATE TABLE IF NOT EXISTS matches (
  id INTEGER PRIMARY KEY AUTOINCREMENT,
  teamId INTEGER NOT NULL REFERENCES teams (id),
  oppName TEXT NOT NULL,
  time TEXT NOT NULL,
  location TEXT NOT NULL,
  points TEXT DEFAULT "[]" NOT NULL,
  -- { our: number; opp: number; }[]
  visible BOOLEAN NOT NULL DEFAULT 1,
  scoring BOOLEAN NOT NULL DEFAULT 0
);
INSERT INTO matches VALUES(3,1,'Newington 1sts','2024-08-03T10:00','SBHS Gym Court 1','[]',1,1);
INSERT INTO matches VALUES(4,4,'Newington 2nds','2024-07-29T13:23','SBHS Gymnasium','[{"our":25,"opp":25}]',0,0);
INSERT INTO matches VALUES(5,4,'Newington 2nds','2024-08-17T13:23','SBHS Gymnasium','[{"our":25,"opp":0}]',0,0);
INSERT INTO matches VALUES(6,4,'Test Team','2024-08-02T13:52','Test Area','[]',0,0);
INSERT INTO matches VALUES(7,5,'Newington 2nds','2024-08-03T08:30','SBHS Gym Court 1','[]',1,1);
CREATE TABLE IF NOT EXISTS stats (
  id INTEGER PRIMARY KEY AUTOINCREMENT,
  playerId INTEGER NOT NULL REFERENCES players (id),
  matchId INTEGER NOT NULL REFERENCES matches (id),
  action TEXT CHECK (
    action in (
      'set',
      'atk',
      'blk',
      'srv',
      'src',
      'frc'
    )
  ) NOT NULL,
  rating INTEGER CHECK (rating IN (0, 1, 2, 3)) NOT NULL,
  fromX INTEGER CHECK (
    fromX >= 0
    AND fromX <= 12
  ) NOT NULL,
  fromY INTEGER CHECK (
    fromY >= 0
    AND fromY <= 21
  ) NOT NULL,
  toX INTEGER CHECK (
    toX >= 0
    AND toX <= 12
  ) NOT NULL,
  toY INTEGER CHECK (
    toY >= 0
    AND toY <= 21
  ) NOT NULL
);
INSERT INTO stats VALUES(4,442103038,3,'atk',3,4,5,9,16);
INSERT INTO stats VALUES(5,441947381,3,'set',1,6,7,8,12);
INSERT INTO stats VALUES(6,441947381,3,'set',1,6,7,8,12);
INSERT INTO stats VALUES(7,442103038,3,'set',1,6,8,7,13);
INSERT INTO stats VALUES(8,442031151,6,'atk',3,4,5,5,17);
INSERT INTO stats VALUES(9,442031151,6,'atk',0,3,5,10,20);
INSERT INTO stats VALUES(10,442031151,6,'atk',3,4,6,10,19);
INSERT INTO stats VALUES(11,442031151,6,'atk',2,6,5,6,17);
INSERT INTO stats VALUES(12,442031151,6,'atk',3,5,5,9,18);
INSERT INTO stats VALUES(13,442031151,6,'atk',2,5,5,6,15);
INSERT INTO stats VALUES(14,442031151,6,'atk',3,5,5,9,15);
INSERT INTO stats VALUES(15,442031151,6,'atk',3,6,5,6,17);
INSERT INTO stats VALUES(16,442031151,6,'atk',3,7,6,7,17);
INSERT INTO stats VALUES(17,442031151,6,'atk',3,4,5,8,17);
INSERT INTO stats VALUES(18,442031151,6,'atk',2,3,6,7,12);
INSERT INTO stats VALUES(19,442031151,6,'atk',3,3,6,6,13);
INSERT INTO stats VALUES(20,442031151,6,'atk',1,5,4,6,14);
INSERT INTO stats VALUES(21,442031151,6,'atk',3,6,3,10,17);
INSERT INTO stats VALUES(22,442031151,6,'atk',2,5,3,6,16);
INSERT INTO stats VALUES(23,442031151,6,'atk',1,5,4,6,16);
INSERT INTO stats VALUES(24,442031151,6,'atk',3,6,5,3,16);
INSERT INTO stats VALUES(25,442031151,6,'atk',3,9,5,9,18);
INSERT INTO stats VALUES(26,442031151,6,'atk',3,6,4,3,17);
INSERT INTO stats VALUES(27,442031151,6,'atk',3,5,4,9,18);
INSERT INTO stats VALUES(28,443440119,7,'srv',2,2,1,5,16);
INSERT INTO stats VALUES(29,443440119,7,'srv',3,2,1,5,16);
INSERT INTO stats VALUES(30,443440119,7,'srv',3,2,1,5,19);
INSERT INTO stats VALUES(31,443440119,7,'srv',1,2,1,5,17);
INSERT INTO stats VALUES(32,443440119,7,'srv',1,2,0,4,18);
INSERT INTO stats VALUES(33,445928607,7,'src',0,6,6,12,7);
INSERT INTO stats VALUES(34,445928607,7,'frc',1,5,5,5,11);
INSERT INTO stats VALUES(35,445928607,7,'srv',1,9,1,9,17);
INSERT INTO stats VALUES(36,445928607,7,'srv',3,9,1,9,18);
INSERT INTO stats VALUES(37,445928607,7,'srv',2,10,0,9,17);
INSERT INTO stats VALUES(38,445928607,7,'srv',1,9,1,7,17);
INSERT INTO stats VALUES(39,445928607,7,'srv',1,9,0,8,17);
INSERT INTO stats VALUES(40,445928607,7,'srv',2,10,1,3,16);
INSERT INTO stats VALUES(41,445928607,7,'frc',2,6,6,8,9);
INSERT INTO stats VALUES(42,445928607,7,'src',0,2,7,12,9);
INSERT INTO stats VALUES(43,445928607,7,'atk',3,2,9,6,17);
INSERT INTO stats VALUES(44,445928607,7,'atk',3,2,9,8,16);
INSERT INTO stats VALUES(45,444892285,7,'srv',2,10,0,9,17);
INSERT INTO stats VALUES(46,443440119,7,'atk',3,6,9,6,17);
INSERT INTO stats VALUES(47,444892285,7,'srv',2,9,1,8,17);
INSERT INTO stats VALUES(48,443440119,7,'atk',3,6,10,6,17);
INSERT INTO stats VALUES(49,445928607,7,'atk',1,2,9,2,15);
INSERT INTO stats VALUES(50,442227730,7,'srv',1,2,1,3,17);
INSERT INTO stats VALUES(51,445928607,7,'atk',3,2,9,9,17);
INSERT INTO stats VALUES(52,442227730,7,'srv',2,2,1,4,17);
INSERT INTO stats VALUES(53,442227730,7,'srv',3,2,1,9,18);
INSERT INTO stats VALUES(54,445928607,7,'atk',1,2,9,2,13);
INSERT INTO stats VALUES(55,442227730,7,'atk',1,6,9,7,15);
INSERT INTO stats VALUES(56,445928607,7,'atk',0,2,9,12,14);
INSERT INTO stats VALUES(57,444892285,7,'atk',0,10,9,10,10);
INSERT INTO stats VALUES(58,443175652,7,'srv',1,8,1,6,17);
INSERT INTO stats VALUES(59,443175652,7,'srv',3,10,1,4,17);
INSERT INTO stats VALUES(60,444892285,7,'atk',3,10,9,10,13);
INSERT INTO stats VALUES(61,443439382,7,'atk',0,10,10,0,19);
INSERT INTO stats VALUES(62,443183795,7,'src',0,4,7,4,7);
INSERT INTO stats VALUES(63,442227730,7,'atk',0,6,10,6,10);
INSERT INTO stats VALUES(64,443767711,7,'src',3,5,4,7,10);
INSERT INTO stats VALUES(65,443767711,7,'frc',1,7,4,6,8);
INSERT INTO stats VALUES(66,443767711,7,'src',2,5,5,7,10);
INSERT INTO stats VALUES(67,443767711,7,'src',3,5,7,7,10);
INSERT INTO stats VALUES(68,443440119,7,'srv',0,2,1,3,10);
INSERT INTO stats VALUES(69,443767711,7,'srv',0,9,1,11,17);
INSERT INTO stats VALUES(70,443440119,7,'atk',3,6,10,8,18);
INSERT INTO stats VALUES(71,443767711,7,'atk',2,2,9,6,17);
INSERT INTO stats VALUES(72,443767711,7,'atk',1,2,9,4,17);
INSERT INTO stats VALUES(73,443767711,7,'src',0,3,20,3,1);
INSERT INTO stats VALUES(74,443767711,7,'atk',3,2,10,2,16);
INSERT INTO stats VALUES(75,442227730,7,'srv',0,2,1,2,2);
INSERT INTO stats VALUES(76,443767711,7,'atk',3,2,9,3,16);
INSERT INTO stats VALUES(77,442227730,7,'frc',3,6,12,7,12);
INSERT INTO stats VALUES(78,443767711,7,'src',0,5,6,4,15);
INSERT INTO stats VALUES(79,443767711,7,'frc',0,4,6,2,7);
INSERT INTO stats VALUES(80,442227730,7,'atk',3,7,10,9,16);
INSERT INTO stats VALUES(81,443440119,7,'srv',2,2,1,6,17);
INSERT INTO stats VALUES(82,443440119,7,'srv',2,2,1,2,17);
INSERT INTO stats VALUES(83,443440119,7,'atk',1,7,12,4,18);
INSERT INTO stats VALUES(84,443767711,7,'srv',2,9,1,7,17);
INSERT INTO stats VALUES(85,443440119,7,'atk',3,8,10,8,16);
INSERT INTO stats VALUES(86,443767711,7,'frc',2,7,5,9,9);
INSERT INTO stats VALUES(87,443767711,7,'srv',2,9,1,9,17);
INSERT INTO stats VALUES(88,443440119,7,'atk',1,7,9,4,13);
INSERT INTO stats VALUES(89,443440119,7,'frc',1,7,9,7,6);
INSERT INTO stats VALUES(90,442227730,7,'frc',1,3,5,6,3);
INSERT INTO stats VALUES(91,442227730,7,'srv',1,2,1,3,16);
INSERT INTO stats VALUES(92,443767711,7,'atk',2,2,10,4,17);
INSERT INTO stats VALUES(93,442227730,7,'atk',0,7,10,2,16);
INSERT INTO stats VALUES(94,443767711,7,'frc',2,8,6,8,9);
INSERT INTO stats VALUES(95,442227730,7,'atk',2,6,9,8,16);
INSERT INTO stats VALUES(96,443767711,7,'frc',2,6,5,8,8);
INSERT INTO stats VALUES(97,443175652,7,'atk',3,10,10,10,11);
INSERT INTO stats VALUES(98,449197194,7,'set',2,8,10,10,9);
INSERT INTO stats VALUES(99,449197194,7,'set',3,8,10,7,10);
INSERT INTO stats VALUES(100,449197194,7,'srv',2,9,1,6,17);
INSERT INTO stats VALUES(101,443175652,7,'atk',3,2,10,6,15);
INSERT INTO stats VALUES(102,449197194,7,'set',1,8,10,5,10);
INSERT INTO stats VALUES(103,449197194,7,'set',3,8,10,10,8);
INSERT INTO stats VALUES(104,449197194,7,'set',3,8,10,7,10);
INSERT INTO stats VALUES(105,449197194,7,'set',2,8,10,3,9);
INSERT INTO stats VALUES(106,449197194,7,'set',2,8,10,2,9);
INSERT INTO stats VALUES(107,443175652,7,'src',0,7,7,1,10);
INSERT INTO stats VALUES(108,443175652,7,'src',0,7,6,7,6);
INSERT INTO stats VALUES(109,443175652,7,'atk',0,7,7,7,21);
INSERT INTO stats VALUES(110,449197194,7,'set',3,7,10,7,7);
INSERT INTO stats VALUES(111,449197194,7,'set',3,8,10,2,10);
INSERT INTO stats VALUES(112,449197194,7,'set',3,6,10,11,10);
INSERT INTO stats VALUES(113,443175652,7,'srv',0,9,1,8,9);
INSERT INTO stats VALUES(114,443175652,7,'srv',3,10,1,6,11);
INSERT INTO stats VALUES(115,443175652,7,'srv',1,8,4,6,15);
INSERT INTO stats VALUES(116,443175652,7,'srv',1,10,1,6,16);
INSERT INTO stats VALUES(117,449197194,7,'set',3,8,10,2,10);
INSERT INTO stats VALUES(118,443175652,7,'srv',2,9,1,5,17);
INSERT INTO stats VALUES(119,443175652,7,'srv',3,9,1,5,18);
INSERT INTO stats VALUES(120,443175652,7,'srv',3,9,1,6,17);
INSERT INTO stats VALUES(121,443175652,7,'src',0,8,1,8,1);
INSERT INTO stats VALUES(122,449197194,7,'srv',1,10,1,7,16);
INSERT INTO stats VALUES(123,449197194,7,'set',3,8,10,7,10);
INSERT INTO stats VALUES(124,449197194,7,'set',0,8,10,6,10);
INSERT INTO stats VALUES(125,443175652,7,'atk',3,2,10,2,17);
INSERT INTO stats VALUES(126,449197194,7,'set',3,8,10,2,10);
INSERT INTO stats VALUES(127,443175652,7,'atk',0,2,10,5,21);
INSERT INTO stats VALUES(128,449197194,7,'set',3,8,10,2,10);
INSERT INTO stats VALUES(129,449197194,7,'set',3,9,10,8,10);
INSERT INTO stats VALUES(130,449197194,7,'frc',1,9,10,7,9);
INSERT INTO stats VALUES(131,449197194,7,'frc',1,6,4,6,1);
INSERT INTO stats VALUES(132,449197194,7,'set',2,10,10,3,10);
INSERT INTO stats VALUES(133,443175652,7,'atk',3,10,10,2,16);
INSERT INTO stats VALUES(134,443175652,7,'srv',3,10,1,6,18);
INSERT INTO stats VALUES(135,449197194,7,'set',2,7,10,10,10);
INSERT INTO stats VALUES(136,449197194,7,'set',2,8,10,10,10);
INSERT INTO stats VALUES(137,449197194,7,'srv',2,9,0,4,17);
INSERT INTO stats VALUES(138,449197194,7,'srv',2,9,1,6,18);
INSERT INTO stats VALUES(139,443175652,7,'atk',2,2,10,6,18);
INSERT INTO stats VALUES(140,443439382,7,'blk',3,10,10,9,12);
INSERT INTO stats VALUES(141,443439382,7,'set',3,8,10,2,10);
INSERT INTO stats VALUES(142,443439382,7,'set',1,7,10,10,9);
INSERT INTO stats VALUES(143,443439382,7,'blk',3,10,10,10,14);
INSERT INTO stats VALUES(144,443175652,7,'set',0,2,10,6,20);
INSERT INTO stats VALUES(145,443175652,7,'set',3,2,10,1,14);
INSERT INTO stats VALUES(146,443439382,7,'set',3,8,10,2,10);
INSERT INTO stats VALUES(147,443175652,7,'atk',2,2,10,7,19);
INSERT INTO stats VALUES(148,443439382,7,'set',2,9,10,2,10);
INSERT INTO stats VALUES(149,443439382,7,'set',3,7,10,10,10);
INSERT INTO stats VALUES(150,443439382,7,'set',3,8,10,2,10);
INSERT INTO stats VALUES(151,443439382,7,'set',3,8,10,2,10);
INSERT INTO stats VALUES(152,443439382,7,'set',3,7,10,7,10);
INSERT INTO stats VALUES(153,443439382,7,'set',3,7,10,7,10);
INSERT INTO stats VALUES(154,443439382,7,'set',1,6,10,6,10);
CREATE TABLE IF NOT EXISTS teamPlayers (
  teamId INTEGER NOT NULL REFERENCES teams (id),
  playerId INTEGER NOT NULL REFERENCES players (id),
  PRIMARY KEY (teamId, playerId)
);
INSERT INTO teamPlayers VALUES(4,440805299);
INSERT INTO teamPlayers VALUES(4,442031151);
INSERT INTO teamPlayers VALUES(4,442097500);
INSERT INTO teamPlayers VALUES(4,447507684);
INSERT INTO teamPlayers VALUES(1,441947381);
INSERT INTO teamPlayers VALUES(1,447507684);
INSERT INTO teamPlayers VALUES(1,442103038);
INSERT INTO teamPlayers VALUES(1,447379511);
INSERT INTO teamPlayers VALUES(1,443372440);
INSERT INTO teamPlayers VALUES(1,442253439);
INSERT INTO teamPlayers VALUES(1,443496751);
INSERT INTO teamPlayers VALUES(1,441837615);
INSERT INTO teamPlayers VALUES(1,443395920);
INSERT INTO teamPlayers VALUES(1,443775391);
INSERT INTO teamPlayers VALUES(1,444448008);
INSERT INTO teamPlayers VALUES(1,441773838);
INSERT INTO teamPlayers VALUES(5,443767711);
INSERT INTO teamPlayers VALUES(5,445663085);
INSERT INTO teamPlayers VALUES(5,445928607);
INSERT INTO teamPlayers VALUES(5,443440119);
INSERT INTO teamPlayers VALUES(5,444892285);
INSERT INTO teamPlayers VALUES(5,449197194);
INSERT INTO teamPlayers VALUES(5,443325972);
INSERT INTO teamPlayers VALUES(5,442227730);
INSERT INTO teamPlayers VALUES(5,444519088);
INSERT INTO teamPlayers VALUES(5,443175652);
INSERT INTO teamPlayers VALUES(5,443439382);
INSERT INTO teamPlayers VALUES(5,443183795);
INSERT INTO teamPlayers VALUES(5,445050610);
DELETE FROM sqlite_sequence;
INSERT INTO sqlite_sequence VALUES('teams',5);
INSERT INTO sqlite_sequence VALUES('matches',7);
INSERT INTO sqlite_sequence VALUES('stats',154);
COMMIT;
